{
  "config": {
    "step": {
      "user": {
        "title": "Set up Alfred Digital Butler",
        "description": "Configure your personal digital butler for Home Assistant. Alfred will learn your patterns and provide proactive home management.",
        "data": {
          "user_name": "Your name",
          "formal_address": "How should Alfred address you?",
          "ai_provider": "AI Provider",
          "api_key": "API Key",
          "model": "Model (optional)"
        },
        "data_description": {
          "user_name": "What shall I call you?",
          "formal_address": "Examples: sir, madam, boss, or your name",
          "ai_provider": "Choose your AI provider (Gemini, OpenAI, or local Ollama)",
          "api_key": "API key for your chosen provider (not needed for Ollama)",
          "model": "Specific model to use (optional, uses defaults if not specified)"
        }
      }
    },
    "error": {
      "api_key_required": "API key is required for this provider",
      "invalid_api_key": "The API key provided is invalid",
      "cannot_connect": "Failed to connect to the AI service",
      "unknown": "An unexpected error occurred"
    },
    "abort": {
      "already_configured": "Alfred is already configured for this Home Assistant instance"
    }
  },
  "options": {
    "step": {
      "init": {
        "title": "Alfred Settings",
        "description": "Adjust how Alfred addresses and interacts with you.",
        "data": {
          "user_name": "Your name",
          "formal_address": "Formal address"
        }
      }
    }
  }
}
